[
	{
		"2015": 0,
		"2016": 0,
		"2017": 15000000,
		"2018": 0,
		"Agency": "ADB",
		"Contributions to Multi Donor Trust Funds (MDTFs)":
			"ADB Somalia Infrastructure Fund (SIF)",
		"Pooled Funds (short)": "AfDB SIF",
		"Category": "SDRF",
		"Currency": "USD",
		"Conversion rate": 1,
		"2015, US$": 0,
		"2016, US$": 0,
		"2017, US$": 16500000,
		"2018, US$": 0
	},
	{
		"2015": 0,
		"2016": 1500000,
		"2017": 4500000,
		"2018": 0,
		"Agency": "Italy",
		"Contributions to Multi Donor Trust Funds (MDTFs)":
			"ADB Somalia Infrastructure Fund (SIF)",
		"Pooled Funds (short)": "AfDB SIF",
		"Category": "SDRF",
		"Currency": "EUR",
		"Conversion rate": 0.9,
		"2015, US$": 0,
		"2016, US$": 1600000,
		"2017, US$": 200000,
		"2018, US$": 0
	},
	{
		"2015": 0,
		"2016": 500000,
		"2017": 1000000,
		"2018": 0,
		"Agency": "UK",
		"Contributions to Multi Donor Trust Funds (MDTFs)":
			"ADB Somalia Infrastructure Fund (SIF)",
		"Pooled Funds (short)": "AfDB SIF",
		"Category": "SDRF",
		"Currency": "GBP",
		"Conversion rate": 0.76,
		"2015, US$": 0,
		"2016, US$": 600000,
		"2017, US$": 1300000,
		"2018, US$": 0
	},
	{
		"2015": 2500000,
		"2016": 0,
		"2017": 0,
		"2018": 0,
		"Agency": "Canada",
		"Contributions to Multi Donor Trust Funds (MDTFs)":
			"IMF Somalia Trust Fund",
		"Pooled Funds (short)": "IMF Somalia Trust Fund",
		"Category": "Non-SDRF",
		"Currency": "USD",
		"Conversion rate": 1,
		"2015, US$": 2500000,
		"2016, US$": 0,
		"2017, US$": 0,
		"2018, US$": 0
	},
	{
		"2015": 0,
		"2016": 0,
		"2017": 500000,
		"2018": 500000,
		"Agency": "EU",
		"Contributions to Multi Donor Trust Funds (MDTFs)":
			"IMF Somalia Trust Fund",
		"Pooled Funds (short)": "IMF Somalia Trust Fund",
		"Category": "Non-SDRF",
		"Currency": "EUR",
		"Conversion rate": 0.9,
		"2015, US$": 0,
		"2016, US$": 0,
		"2017, US$": 555556,
		"2018, US$": 555556
	},
	{
		"2015": 900000,
		"2016": 0,
		"2017": 0,
		"2018": 0,
		"Agency": "Italy",
		"Contributions to Multi Donor Trust Funds (MDTFs)":
			"IMF Somalia Trust Fund",
		"Pooled Funds (short)": "IMF Somalia Trust Fund",
		"Category": "Non-SDRF",
		"Currency": "EUR",
		"Conversion rate": 0.9,
		"2015, US$": 1000000,
		"2016, US$": 0,
		"2017, US$": 0,
		"2018, US$": 0
	},
	{
		"2015": 0,
		"2016": 1000000,
		"2017": 0,
		"2018": 0,
		"Agency": "USA",
		"Contributions to Multi Donor Trust Funds (MDTFs)":
			"IMF Somalia Trust Fund",
		"Pooled Funds (short)": "IMF Somalia Trust Fund",
		"Category": "Non-SDRF",
		"Currency": "USD",
		"Conversion rate": 1,
		"2015, US$": 0,
		"2016, US$": 1000000,
		"2017, US$": 0,
		"2018, US$": 0
	},
	{
		"2015": 5000000,
		"2016": 40000000,
		"2017": 27000000,
		"2018": 18000000,
		"Agency": "Denmark",
		"Contributions to Multi Donor Trust Funds (MDTFs)":
			"Somaliland Development Fund (SDF)",
		"Pooled Funds (short)": "SDF",
		"Category": "Non-SDRF",
		"Currency": "DKK",
		"Conversion rate": 6.7,
		"2015, US$": 746269,
		"2016, US$": 5970149,
		"2017, US$": 4029851,
		"2018, US$": 2686567
	},
	{
		"2015": 2000000,
		"2016": 1500000,
		"2017": 1500000,
		"2018": 0,
		"Agency": "Netherlands",
		"Contributions to Multi Donor Trust Funds (MDTFs)":
			"Somaliland Development Fund (SDF)",
		"Pooled Funds (short)": "SDF",
		"Category": "Non-SDRF",
		"Currency": "EUR",
		"Conversion rate": 0.9,
		"2015, US$": 2222222,
		"2016, US$": 1666667,
		"2017, US$": 1666667,
		"2018, US$": 0
	},
	{
		"2015": 15000000,
		"2016": 0,
		"2017": 0,
		"2018": 0,
		"Agency": "Norway",
		"Contributions to Multi Donor Trust Funds (MDTFs)":
			"Somaliland Development Fund (SDF)",
		"Pooled Funds (short)": "SDF",
		"Category": "Non-SDRF",
		"Currency": "NOK",
		"Conversion rate": 8.1,
		"2015, US$": 1851852,
		"2016, US$": 0,
		"2017, US$": 0,
		"2018, US$": 0
	},
	{
		"2015": 5200000,
		"2016": 3500000,
		"2017": 4400000,
		"2018": 0,
		"Agency": "UK",
		"Contributions to Multi Donor Trust Funds (MDTFs)":
			"Somaliland Development Fund (SDF)",
		"Pooled Funds (short)": "SDF",
		"Category": "Non-SDRF",
		"Currency": "GBP",
		"Conversion rate": 0.76,
		"2015, US$": 6842105,
		"2016, US$": 4605263,
		"2017, US$": 5789474,
		"2018, US$": 0
	},
	{
		"2015": 11500000,
		"2016": 12500000,
		"2017": 4000000,
		"2018": 7500000,
		"Agency": "Denmark",
		"Contributions to Multi Donor Trust Funds (MDTFs)":
			"Somalia Stability Fund (SSF)",
		"Pooled Funds (short)": "SSF",
		"Category": "Non-SDRF",
		"Currency": "DKK",
		"Conversion rate": 6.7,
		"2015, US$": 1716418,
		"2016, US$": 1865672,
		"2017, US$": 597015,
		"2018, US$": 1119403
	},
	{
		"2015": 3000000,
		"2016": 0,
		"2017": 0,
		"2018": 0,
		"Agency": "EU",
		"Contributions to Multi Donor Trust Funds (MDTFs)":
			"Somalia Stability Fund (SSF)",
		"Pooled Funds (short)": "SSF",
		"Category": "Non-SDRF",
		"Currency": "EUR",
		"Conversion rate": 0.9,
		"2015, US$": 3333333,
		"2016, US$": 0,
		"2017, US$": 0,
		"2018, US$": 0
	},
	{
		"2015": 0,
		"2016": 0,
		"2017": 0,
		"2018": 5000000,
		"Agency": "Germany",
		"Contributions to Multi Donor Trust Funds (MDTFs)":
			"Somalia Stability Fund (SSF)",
		"Pooled Funds (short)": "SSF",
		"Category": "Non-SDRF",
		"Currency": "EUR",
		"Conversion rate": 0.9,
		"2015, US$": 0,
		"2016, US$": 0,
		"2017, US$": 0,
		"2018, US$": 5555556
	},
	{
		"2015": 0,
		"2016": 250000,
		"2017": 2250000,
		"2018": 2250000,
		"Agency": "Netherlands",
		"Contributions to Multi Donor Trust Funds (MDTFs)":
			"Somalia Stability Fund (SSF)",
		"Pooled Funds (short)": "SSF",
		"Category": "Non-SDRF",
		"Currency": "EUR",
		"Conversion rate": 0.9,
		"2015, US$": 0,
		"2016, US$": 277778,
		"2017, US$": 2500000,
		"2018, US$": 2500000
	},
	{
		"2015": 9400000,
		"2016": 55000000,
		"2017": 33745000,
		"2018": 0,
		"Agency": "Norway",
		"Contributions to Multi Donor Trust Funds (MDTFs)":
			"Somalia Stability Fund (SSF)",
		"Pooled Funds (short)": "SSF",
		"Category": "Non-SDRF",
		"Currency": "NOK",
		"Conversion rate": 8.1,
		"2015, US$": 1160494,
		"2016, US$": 6790123,
		"2017, US$": 4166049,
		"2018, US$": 0
	},
	{
		"2015": 1428571,
		"2016": 2160000,
		"2017": 2086519,
		"2018": 0,
		"Agency": "Sweden",
		"Contributions to Multi Donor Trust Funds (MDTFs)":
			"Somalia Stability Fund (SSF)",
		"Pooled Funds (short)": "SSF",
		"Category": "Non-SDRF",
		"Currency": "USD",
		"Conversion rate": 1,
		"2015, US$": 1428571,
		"2016, US$": 2160000,
		"2017, US$": 2086519,
		"2018, US$": 0
	},
	{
		"2015": 15000000,
		"2016": 3696165,
		"2017": 6868189,
		"2018": 11638659,
		"Agency": "UK",
		"Contributions to Multi Donor Trust Funds (MDTFs)":
			"Somalia Stability Fund (SSF)",
		"Pooled Funds (short)": "SSF",
		"Category": "Non-SDRF",
		"Currency": "GBP",
		"Conversion rate": 0.76,
		"2015, US$": 19736842,
		"2016, US$": 4863375,
		"2017, US$": 9037091,
		"2018, US$": 15314025
	},
	{
		"2015": 0,
		"2016": 60000000,
		"2017": 18000000,
		"2018": 19000000,
		"Agency": "Denmark",
		"Contributions to Multi Donor Trust Funds (MDTFs)":
			"UN Multi-Partner Trust Fund (MPTF)",
		"Pooled Funds (short)": "UN MPTF",
		"Category": "SDRF",
		"Currency": "DKK",
		"Conversion rate": 6.7,
		"2015, US$": 2480968,
		"2016, US$": 9664070,
		"2017, US$": 5543905,
		"2018, US$": 2835821
	},
	{
		"2015": 0,
		"2016": 7937864,
		"2017": 6579731,
		"2018": 2145342,
		"Agency": "EU",
		"Contributions to Multi Donor Trust Funds (MDTFs)":
			"UN Multi-Partner Trust Fund (MPTF)",
		"Pooled Funds (short)": "UN MPTF",
		"Category": "SDRF",
		"Currency": "EUR",
		"Conversion rate": 0.9,
		"2015, US$": 27950980,
		"2016, US$": 8412514,
		"2017, US$": 9520078,
		"2018, US$": 5168600
	},
	{
		"2015": 0,
		"2016": 4700000,
		"2017": 0,
		"2018": 0,
		"Agency": "Germany",
		"Contributions to Multi Donor Trust Funds (MDTFs)":
			"UN Multi-Partner Trust Fund (MPTF)",
		"Pooled Funds (short)": "UN MPTF",
		"Category": "SDRF",
		"Currency": "EUR",
		"Conversion rate": 0.9,
		"2015, US$": 0,
		"2016, US$": 8385575,
		"2017, US$": 3840850,
		"2018, US$": 0
	},
	{
		"2015": 0,
		"2016": 9565000,
		"2017": 3000000,
		"2018": 0,
		"Agency": "Italy",
		"Contributions to Multi Donor Trust Funds (MDTFs)":
			"UN Multi-Partner Trust Fund (MPTF)",
		"Pooled Funds (short)": "UN MPTF",
		"Category": "SDRF",
		"Currency": "EUR",
		"Conversion rate": 0.9,
		"2015, US$": 700001,
		"2016, US$": 4165966,
		"2017, US$": 2669990,
		"2018, US$": 0
	},
	{
		"2015": 0,
		"2016": 2421053,
		"2017": 0,
		"2018": 0,
		"Agency": "Netherlands",
		"Contributions to Multi Donor Trust Funds (MDTFs)":
			"UN Multi-Partner Trust Fund (MPTF)",
		"Pooled Funds (short)": "UN MPTF",
		"Category": "SDRF",
		"Currency": "EUR",
		"Conversion rate": 0.9,
		"2015, US$": 0,
		"2016, US$": 0,
		"2017, US$": 2355200,
		"2018, US$": 0
	},
	{
		"2015": 0,
		"2016": 45000000,
		"2017": 30000000,
		"2018": 0,
		"Agency": "Norway",
		"Contributions to Multi Donor Trust Funds (MDTFs)":
			"UN Multi-Partner Trust Fund (MPTF)",
		"Pooled Funds (short)": "UN MPTF",
		"Category": "SDRF",
		"Currency": "NOK",
		"Conversion rate": 8.1,
		"2015, US$": 4677361,
		"2016, US$": 5337319,
		"2017, US$": 3730323,
		"2018, US$": 0
	},
	{
		"2015": 0,
		"2016": 3960000,
		"2017": 12000000,
		"2018": 0,
		"Agency": "Sweden",
		"Contributions to Multi Donor Trust Funds (MDTFs)":
			"UN Multi-Partner Trust Fund (MPTF)",
		"Pooled Funds (short)": "UN MPTF",
		"Category": "SDRF",
		"Currency": "USD",
		"Conversion rate": 1,
		"2015, US$": 13149388,
		"2016, US$": 7527852,
		"2017, US$": 14366007,
		"2018, US$": 0
	},
	{
		"2015": 0,
		"2016": 7760000,
		"2017": 2200000,
		"2018": 2500000,
		"Agency": "Switzerland",
		"Contributions to Multi Donor Trust Funds (MDTFs)":
			"UN Multi-Partner Trust Fund (MPTF)",
		"Pooled Funds (short)": "UN MPTF",
		"Category": "SDRF",
		"Currency": "CHF",
		"Conversion rate": 1,
		"2015, US$": 2322477,
		"2016, US$": 4881825,
		"2017, US$": 2280975,
		"2018, US$": 2500000
	},
	{
		"2015": 0,
		"2016": 2222107,
		"2017": 3512971,
		"2018": 2800000,
		"Agency": "UK",
		"Contributions to Multi Donor Trust Funds (MDTFs)":
			"UN Multi-Partner Trust Fund (MPTF)",
		"Pooled Funds (short)": "UN MPTF",
		"Category": "SDRF",
		"Currency": "GBP",
		"Conversion rate": 0.76,
		"2015, US$": 10751369,
		"2016, US$": 14110164,
		"2017, US$": 8237890,
		"2018, US$": 3684211
	},
	{
		"2015": 0,
		"2016": 8000000,
		"2017": 0,
		"2018": 0,
		"Agency": "UN PBF",
		"Contributions to Multi Donor Trust Funds (MDTFs)":
			"UN Multi-Partner Trust Fund (MPTF)",
		"Pooled Funds (short)": "UN MPTF",
		"Category": "SDRF",
		"Currency": "USD",
		"Conversion rate": 1,
		"2015, US$": 4123420,
		"2016, US$": 2062083,
		"2017, US$": 0,
		"2018, US$": 0
	},
	{
		"2015": 0,
		"2016": 500000,
		"2017": 0,
		"2018": 0,
		"Agency": "USA",
		"Contributions to Multi Donor Trust Funds (MDTFs)":
			"UN Multi-Partner Trust Fund (MPTF)",
		"Pooled Funds (short)": "UN MPTF",
		"Category": "SDRF",
		"Currency": "USD",
		"Conversion rate": 1,
		"2015, US$": 0,
		"2016, US$": 500000,
		"2017, US$": 0,
		"2018, US$": 0
	},
	{
		"2015": 28000000,
		"2016": 17000000,
		"2017": 25000000,
		"2018": 0,
		"Agency": "Denmark",
		"Contributions to Multi Donor Trust Funds (MDTFs)":
			"WB Multi Partner Fund (MPF)",
		"Pooled Funds (short)": "WB MPF",
		"Category": "SDRF",
		"Currency": "DKK",
		"Conversion rate": 6.7,
		"2015, US$": 4100000,
		"2016, US$": 2600000,
		"2017, US$": 3800000,
		"2018, US$": 0
	},
	{
		"2015": 20750000,
		"2016": 18437500,
		"2017": 14000000,
		"2018": 23537500,
		"Agency": "EU",
		"Contributions to Multi Donor Trust Funds (MDTFs)":
			"WB Multi Partner Fund (MPF)",
		"Pooled Funds (short)": "WB MPF",
		"Category": "SDRF",
		"Currency": "EUR",
		"Conversion rate": 0.9,
		"2015, US$": 21600000,
		"2016, US$": 9700000,
		"2017, US$": 14900000,
		"2018, US$": 26152778
	},
	{
		"2015": 0,
		"2016": 2000000,
		"2017": 0,
		"2018": 1000000,
		"Agency": "Finland",
		"Contributions to Multi Donor Trust Funds (MDTFs)":
			"WB Multi Partner Fund (MPF)",
		"Pooled Funds (short)": "WB MPF",
		"Category": "SDRF",
		"Currency": "EUR",
		"Conversion rate": 0.9,
		"2015, US$": 0,
		"2016, US$": 2300000,
		"2017, US$": 0,
		"2018, US$": 1111111
	},
	{
		"2015": 0,
		"2016": 0,
		"2017": 0,
		"2018": 23240000,
		"Agency": "Germany",
		"Contributions to Multi Donor Trust Funds (MDTFs)":
			"WB Multi Partner Fund (MPF)",
		"Pooled Funds (short)": "WB MPF",
		"Category": "SDRF",
		"Currency": "EUR",
		"Conversion rate": 0.9,
		"2015, US$": 0,
		"2016, US$": 0,
		"2017, US$": 28900000,
		"2018, US$": 0
	},
	{
		"2015": 2000000,
		"2016": 0,
		"2017": 0,
		"2018": 0,
		"Agency": "Italy",
		"Contributions to Multi Donor Trust Funds (MDTFs)":
			"WB Multi Partner Fund (MPF)",
		"Pooled Funds (short)": "WB MPF",
		"Category": "SDRF",
		"Currency": "EUR",
		"Conversion rate": 0.9,
		"2015, US$": 2200000,
		"2016, US$": 0,
		"2017, US$": 0,
		"2018, US$": 0
	},
	{
		"2015": 40000000,
		"2016": 50000000,
		"2017": 96200000,
		"2018": 0,
		"Agency": "Norway",
		"Contributions to Multi Donor Trust Funds (MDTFs)":
			"WB Multi Partner Fund (MPF)",
		"Pooled Funds (short)": "WB MPF",
		"Category": "SDRF",
		"Currency": "NOK",
		"Conversion rate": 8.1,
		"2015, US$": 4900000,
		"2016, US$": 6000000,
		"2017, US$": 14600000,
		"2018, US$": 0
	},
	{
		"2015": 8400000,
		"2016": 4200000,
		"2017": 6240000,
		"2018": 0,
		"Agency": "Sweden",
		"Contributions to Multi Donor Trust Funds (MDTFs)":
			"WB Multi Partner Fund (MPF)",
		"Pooled Funds (short)": "WB MPF",
		"Category": "SDRF",
		"Currency": "USD",
		"Conversion rate": 1,
		"2015, US$": 8100000,
		"2016, US$": 4300000,
		"2017, US$": 6000000,
		"2018, US$": 0
	},
	{
		"2015": 2000000,
		"2016": 2000000,
		"2017": 0,
		"2018": 2500000,
		"Agency": "Switzerland",
		"Contributions to Multi Donor Trust Funds (MDTFs)":
			"WB Multi Partner Fund (MPF)",
		"Pooled Funds (short)": "WB MPF",
		"Category": "SDRF",
		"Currency": "CHF",
		"Conversion rate": 1,
		"2015, US$": 5200000,
		"2016, US$": 1900000,
		"2017, US$": 0,
		"2018, US$": 2500000
	},
	{
		"2015": 15000000,
		"2016": 16000000,
		"2017": 5000000,
		"2018": 0,
		"Agency": "UK",
		"Contributions to Multi Donor Trust Funds (MDTFs)":
			"WB Multi Partner Fund (MPF)",
		"Pooled Funds (short)": "WB MPF",
		"Category": "SDRF",
		"Currency": "GBP",
		"Conversion rate": 0.76,
		"2015, US$": 23600000,
		"2016, US$": 22800000,
		"2017, US$": 6500000,
		"2018, US$": 0
	},
	{
		"2015": 0,
		"2016": "3,000,000",
		"2017": 0,
		"2018": 0,
		"Agency": "USA",
		"Contributions to Multi Donor Trust Funds (MDTFs)":
			"WB Multi Partner Fund (MPF)",
		"Pooled Funds (short)": "WB MPF",
		"Category": "SDRF",
		"Currency": "USD",
		"Conversion rate": 1,
		"2015, US$": 0,
		"2016, US$": "3,000,000",
		"2017, US$": 0,
		"2018, US$": 0
	}
]
