[
	{
		"Agency": "ACT Alliance / Norwegian Church Aid*",
		"Agency Category": "Other",
		"Aid Flow Category": "Humanitarian",
		"Currency": "USD",
		"Conversion": 1,
		"2016 (reported currency)": 0,
		"2017 (reported currency)": 3364927,
		"2018 (reported currency)": 0,
		"2019 (reported currency)": 0,
		"2020 (reported currency)": 0,
		"Total, 2016-18": 3364927,
		"2016, USD": 0,
		"2017, USD": 3364927,
		"2018, USD": 0,
		"2019, USD": 0,
		"2020, USD": 0,
		"Total, 2016-18 (USD)": 3364927
	},
	{
		"Agency": "ADB",
		"Agency Category": "IFI",
		"Aid Flow Category": "Development",
		"Currency": "USD",
		"Conversion": 1,
		"2016 (reported currency)": 22146387,
		"2017 (reported currency)": 15645163,
		"2018 (reported currency)": 20833333,
		"2019 (reported currency)": 0,
		"2020 (reported currency)": 0,
		"Total, 2016-18": 58624884,
		"2016, USD": 22146387,
		"2017, USD": 15645163,
		"2018, USD": 20833333,
		"2019, USD": 0,
		"2020, USD": 0,
		"Total, 2016-18 (USD)": 58624884
	},
	{
		"Agency": "ADB",
		"Agency Category": "IFI",
		"Aid Flow Category": "Humanitarian",
		"Currency": "USD",
		"Conversion": 1,
		"2016 (reported currency)": 0,
		"2017 (reported currency)": 1000000,
		"2018 (reported currency)": 0,
		"2019 (reported currency)": 0,
		"2020 (reported currency)": 0,
		"Total, 2016-18": 1000000,
		"2016, USD": 0,
		"2017, USD": 1000000,
		"2018, USD": 0,
		"2019, USD": 0,
		"2020, USD": 0,
		"Total, 2016-18 (USD)": 1000000
	},
	{
		"Agency":
			"Arab Gulf Programme for United Nations Development Organizations*",
		"Agency Category": "Other",
		"Aid Flow Category": "Humanitarian",
		"Currency": "USD",
		"Conversion": 1,
		"2016 (reported currency)": 0,
		"2017 (reported currency)": 25000,
		"2018 (reported currency)": 0,
		"2019 (reported currency)": 0,
		"2020 (reported currency)": 0,
		"Total, 2016-18": 25000,
		"2016, USD": 0,
		"2017, USD": 25000,
		"2018, USD": 0,
		"2019, USD": 0,
		"2020, USD": 0,
		"Total, 2016-18 (USD)": 25000
	},
	{
		"Agency": "Australia",
		"Agency Category": "Bilateral Donor",
		"Aid Flow Category": "Development",
		"Currency": "USD",
		"Conversion": 1,
		"2016 (reported currency)": 1923076,
		"2017 (reported currency)": 2692307,
		"2018 (reported currency)": 0,
		"2019 (reported currency)": 0,
		"2020 (reported currency)": 0,
		"Total, 2016-18": 4615383,
		"2016, USD": 1923076,
		"2017, USD": 2692307,
		"2018, USD": 0,
		"2019, USD": 0,
		"2020, USD": 0,
		"Total, 2016-18 (USD)": 4615383
	},
	{
		"Agency": "Australia",
		"Agency Category": "Bilateral Donor",
		"Aid Flow Category": "Humanitarian",
		"Currency": "USD",
		"Conversion": 1,
		"2016 (reported currency)": 5384615,
		"2017 (reported currency)": 20640998,
		"2018 (reported currency)": 0,
		"2019 (reported currency)": 0,
		"2020 (reported currency)": 0,
		"Total, 2016-18": 26025613,
		"2016, USD": 5384615,
		"2017, USD": 20640998,
		"2018, USD": 0,
		"2019, USD": 0,
		"2020, USD": 0,
		"Total, 2016-18 (USD)": 26025613
	},
	{
		"Agency": "Austria*",
		"Agency Category": "Bilateral Donor",
		"Aid Flow Category": "Humanitarian",
		"Currency": "USD",
		"Conversion": 1,
		"2016 (reported currency)": 0,
		"2017 (reported currency)": 1201923,
		"2018 (reported currency)": 0,
		"2019 (reported currency)": 0,
		"2020 (reported currency)": 0,
		"Total, 2016-18": 1201923,
		"2016, USD": 0,
		"2017, USD": 1201923,
		"2018, USD": 0,
		"2019, USD": 0,
		"2020, USD": 0,
		"Total, 2016-18 (USD)": 1201923
	},
	{
		"Agency": "Azerbaijan*",
		"Agency Category": "",
		"Aid Flow Category": "Humanitarian",
		"Currency": "USD",
		"Conversion": 1,
		"2016 (reported currency)": 0,
		"2017 (reported currency)": 12500,
		"2018 (reported currency)": 0,
		"2019 (reported currency)": 0,
		"2020 (reported currency)": 0,
		"Total, 2016-18": 12500,
		"2016, USD": 0,
		"2017, USD": 12500,
		"2018, USD": 0,
		"2019, USD": 0,
		"2020, USD": 0,
		"Total, 2016-18 (USD)": 12500
	},
	{
		"Agency": "Baha'i International Community*",
		"Agency Category": "",
		"Aid Flow Category": "Humanitarian",
		"Currency": "USD",
		"Conversion": 1,
		"2016 (reported currency)": 0,
		"2017 (reported currency)": 10000,
		"2018 (reported currency)": 0,
		"2019 (reported currency)": 0,
		"2020 (reported currency)": 0,
		"Total, 2016-18": 10000,
		"2016, USD": 0,
		"2017, USD": 10000,
		"2018, USD": 0,
		"2019, USD": 0,
		"2020, USD": 0,
		"Total, 2016-18 (USD)": 10000
	},
	{
		"Agency": "Belgium*",
		"Agency Category": "Bilateral Donor",
		"Aid Flow Category": "Humanitarian",
		"Currency": "USD",
		"Conversion": 1,
		"2016 (reported currency)": 0,
		"2017 (reported currency)": 5079088,
		"2018 (reported currency)": 0,
		"2019 (reported currency)": 0,
		"2020 (reported currency)": 0,
		"Total, 2016-18": 5079088,
		"2016, USD": 0,
		"2017, USD": 5079088,
		"2018, USD": 0,
		"2019, USD": 0,
		"2020, USD": 0,
		"Total, 2016-18 (USD)": 5079088
	},
	{
		"Agency": "Botswana*",
		"Agency Category": "Bilateral Donor",
		"Aid Flow Category": "Humanitarian",
		"Currency": "USD",
		"Conversion": 1,
		"2016 (reported currency)": 0,
		"2017 (reported currency)": 100000,
		"2018 (reported currency)": 0,
		"2019 (reported currency)": 0,
		"2020 (reported currency)": 0,
		"Total, 2016-18": 100000,
		"2016, USD": 0,
		"2017, USD": 100000,
		"2018, USD": 0,
		"2019, USD": 0,
		"2020, USD": 0,
		"Total, 2016-18 (USD)": 100000
	},
	{
		"Agency": "Canada",
		"Agency Category": "Bilateral Donor",
		"Aid Flow Category": "Humanitarian",
		"Currency": "CAD",
		"Conversion": 1,
		"2016 (reported currency)": 27000000,
		"2017 (reported currency)": 39250000,
		"2018 (reported currency)": 0,
		"2019 (reported currency)": 0,
		"2020 (reported currency)": 0,
		"Total, 2016-18": 66250000,
		"2016, USD": 20769231,
		"2017, USD": 30192308,
		"2018, USD": 0,
		"2019, USD": 0,
		"2020, USD": 0,
		"Total, 2016-18 (USD)": 50961538
	},
	{
		"Agency": "Caritas Germany (DCV)*",
		"Agency Category": "",
		"Aid Flow Category": "Humanitarian",
		"Currency": "USD",
		"Conversion": 1,
		"2016 (reported currency)": 0,
		"2017 (reported currency)": 355450,
		"2018 (reported currency)": 0,
		"2019 (reported currency)": 0,
		"2020 (reported currency)": 0,
		"Total, 2016-18": 355450,
		"2016, USD": 0,
		"2017, USD": 355450,
		"2018, USD": 0,
		"2019, USD": 0,
		"2020, USD": 0,
		"Total, 2016-18 (USD)": 355450
	},
	{
		"Agency": "Central Emergency Response Fund (CERF)*",
		"Agency Category": "Fund",
		"Aid Flow Category": "Humanitarian",
		"Currency": "USD",
		"Conversion": 1,
		"2016 (reported currency)": 12885334,
		"2017 (reported currency)": 32992835,
		"2018 (reported currency)": 0,
		"2019 (reported currency)": 0,
		"2020 (reported currency)": 0,
		"Total, 2016-18": 45878169,
		"2016, USD": 12885334,
		"2017, USD": 32992835,
		"2018, USD": 0,
		"2019, USD": 0,
		"2020, USD": 0,
		"Total, 2016-18 (USD)": 45878169
	},
	{
		"Agency": "China*",
		"Agency Category": "Bilateral Donor",
		"Aid Flow Category": "Humanitarian",
		"Currency": "USD",
		"Conversion": 1,
		"2016 (reported currency)": 2000000,
		"2017 (reported currency)": 11000000,
		"2018 (reported currency)": 0,
		"2019 (reported currency)": 0,
		"2020 (reported currency)": 0,
		"Total, 2016-18": 13000000,
		"2016, USD": 2000000,
		"2017, USD": 11000000,
		"2018, USD": 0,
		"2019, USD": 0,
		"2020, USD": 0,
		"Total, 2016-18 (USD)": 13000000
	},
	{
		"Agency": "Czech Republic*",
		"Agency Category": "Bilateral Donor",
		"Aid Flow Category": "Humanitarian",
		"Currency": "USD",
		"Conversion": 1,
		"2016 (reported currency)": 0,
		"2017 (reported currency)": 100523,
		"2018 (reported currency)": 0,
		"2019 (reported currency)": 0,
		"2020 (reported currency)": 0,
		"Total, 2016-18": 100523,
		"2016, USD": 0,
		"2017, USD": 100523,
		"2018, USD": 0,
		"2019, USD": 0,
		"2020, USD": 0,
		"Total, 2016-18 (USD)": 100523
	},
	{
		"Agency": "Denmark",
		"Agency Category": "Bilateral Donor",
		"Aid Flow Category": "Development",
		"Currency": "DKK",
		"Conversion": 7,
		"2016 (reported currency)": 197000000,
		"2017 (reported currency)": 180000000,
		"2018 (reported currency)": 124000000,
		"2019 (reported currency)": 0,
		"2020 (reported currency)": 0,
		"Total, 2016-18": 501000000,
		"2016, USD": 29402985,
		"2017, USD": 26865672,
		"2018, USD": 18507463,
		"2019, USD": 0,
		"2020, USD": 0,
		"Total, 2016-18 (USD)": 74776119
	},
	{
		"Agency": "Denmark",
		"Agency Category": "Bilateral Donor",
		"Aid Flow Category": "Humanitarian",
		"Currency": "DKK",
		"Conversion": 7,
		"2016 (reported currency)": 110908452,
		"2017 (reported currency)": 151758752,
		"2018 (reported currency)": 130000000,
		"2019 (reported currency)": 130000000,
		"2020 (reported currency)": 0,
		"Total, 2016-18": 392667204,
		"2016, USD": 16553500,
		"2017, USD": 22650560,
		"2018, USD": 19402985,
		"2019, USD": 19402985,
		"2020, USD": 0,
		"Total, 2016-18 (USD)": 58607045
	},
	{
		"Agency": "Denmark",
		"Agency Category": "Bilateral Donor",
		"Aid Flow Category": "Peacekeeping",
		"Currency": "DKK",
		"Conversion": 7,
		"2016 (reported currency)": 29500000,
		"2017 (reported currency)": 22000000,
		"2018 (reported currency)": 0,
		"2019 (reported currency)": 0,
		"2020 (reported currency)": 0,
		"Total, 2016-18": 51500000,
		"2016, USD": 4402985,
		"2017, USD": 3283582,
		"2018, USD": 0,
		"2019, USD": 0,
		"2020, USD": 0,
		"Total, 2016-18 (USD)": 7686567
	},
	{
		"Agency": "European Commission",
		"Agency Category": "Multilateral Donor",
		"Aid Flow Category": "Development",
		"Currency": "EUR",
		"Conversion": 1,
		"2016 (reported currency)": 138015267,
		"2017 (reported currency)": 140319364,
		"2018 (reported currency)": 0,
		"2019 (reported currency)": 0,
		"2020 (reported currency)": 0,
		"Total, 2016-18": 278334631,
		"2016, USD": 153350297,
		"2017, USD": 155910404,
		"2018, USD": 0,
		"2019, USD": 0,
		"2020, USD": 0,
		"Total, 2016-18 (USD)": 309260701
	},
	{
		"Agency": "European Commission",
		"Agency Category": "Multilateral Donor",
		"Aid Flow Category": "Humanitarian",
		"Currency": "EUR",
		"Conversion": 1,
		"2016 (reported currency)": 48000000,
		"2017 (reported currency)": 119390000,
		"2018 (reported currency)": 0,
		"2019 (reported currency)": 0,
		"2020 (reported currency)": 0,
		"Total, 2016-18": 167390000,
		"2016, USD": 53333333,
		"2017, USD": 132655556,
		"2018, USD": 0,
		"2019, USD": 0,
		"2020, USD": 0,
		"Total, 2016-18 (USD)": 185988889
	},
	{
		"Agency": "European Commission",
		"Agency Category": "Multilateral Donor",
		"Aid Flow Category": "Peacekeeping",
		"Currency": "EUR",
		"Conversion": 1,
		"2016 (reported currency)": 210200000,
		"2017 (reported currency)": 213200000,
		"2018 (reported currency)": 0,
		"2019 (reported currency)": 0,
		"2020 (reported currency)": 0,
		"Total, 2016-18": 423400000,
		"2016, USD": 233555556,
		"2017, USD": 236888889,
		"2018, USD": 0,
		"2019, USD": 0,
		"2020, USD": 0,
		"Total, 2016-18 (USD)": 470444444
	},
	{
		"Agency": "Finland",
		"Agency Category": "Bilateral Donor",
		"Aid Flow Category": "Development",
		"Currency": "EUR",
		"Conversion": 1,
		"2016 (reported currency)": 12810000,
		"2017 (reported currency)": 9370000,
		"2018 (reported currency)": 8200000,
		"2019 (reported currency)": 10200000,
		"2020 (reported currency)": 12400000,
		"Total, 2016-18": 17570000,
		"2016, USD": 14233333,
		"2017, USD": 10411111,
		"2018, USD": 9111111,
		"2019, USD": 11333333,
		"2020, USD": 13777778,
		"Total, 2016-18 (USD)": 33755556
	},
	{
		"Agency": "EO Metterdaad",
		"Agency Category": "",
		"Aid Flow Category": "Humanitarian",
		"Currency": "USD",
		"Conversion": 1,
		"2016 (reported currency)": 0,
		"2017 (reported currency)": 420261,
		"2018 (reported currency)": 0,
		"2019 (reported currency)": 0,
		"2020 (reported currency)": 0,
		"Total, 2016-18": 420261,
		"2016, USD": 0,
		"2017, USD": 420261,
		"2018, USD": 0,
		"2019, USD": 0,
		"2020, USD": 0,
		"Total, 2016-18 (USD)": 420261
	},
	{
		"Agency": "Finland",
		"Agency Category": "Bilateral Donor",
		"Aid Flow Category": "Humanitarian",
		"Currency": "USD",
		"Conversion": 1,
		"2016 (reported currency)": 6483222,
		"2017 (reported currency)": 6566873,
		"2018 (reported currency)": 0,
		"2019 (reported currency)": 0,
		"2020 (reported currency)": 0,
		"Total, 2016-18": 13050095,
		"2016, USD": 6483222,
		"2017, USD": 6566873,
		"2018, USD": 0,
		"2019, USD": 0,
		"2020, USD": 0,
		"Total, 2016-18 (USD)": 13050095
	},
	{
		"Agency": "Finland",
		"Agency Category": "Bilateral Donor",
		"Aid Flow Category": "Peacekeeping",
		"Currency": "EUR",
		"Conversion": 1,
		"2016 (reported currency)": 5450000,
		"2017 (reported currency)": 4470000,
		"2018 (reported currency)": 0,
		"2019 (reported currency)": 0,
		"2020 (reported currency)": 0,
		"Total, 2016-18": 9920000,
		"2016, USD": 6055556,
		"2017, USD": 4966667,
		"2018, USD": 0,
		"2019, USD": 0,
		"2020, USD": 0,
		"Total, 2016-18 (USD)": 11022222
	},
	{
		"Agency": "France*",
		"Agency Category": "Bilateral Donor",
		"Aid Flow Category": "Humanitarian",
		"Currency": "USD",
		"Conversion": 1,
		"2016 (reported currency)": 0,
		"2017 (reported currency)": 3416973,
		"2018 (reported currency)": 0,
		"2019 (reported currency)": 0,
		"2020 (reported currency)": 0,
		"Total, 2016-18": 3416973,
		"2016, USD": 0,
		"2017, USD": 3416973,
		"2018, USD": 0,
		"2019, USD": 0,
		"2020, USD": 0,
		"Total, 2016-18 (USD)": 3416973
	},
	{
		"Agency": "GAVI (Reported by WHO)",
		"Agency Category": "IO",
		"Aid Flow Category": "Development",
		"Currency": "USD",
		"Conversion": 1,
		"2016 (reported currency)": 1461826,
		"2017 (reported currency)": 1461826,
		"2018 (reported currency)": 0,
		"2019 (reported currency)": 0,
		"2020 (reported currency)": 0,
		"Total, 2016-18": 2923652,
		"2016, USD": 1461826,
		"2017, USD": 1461826,
		"2018, USD": 0,
		"2019, USD": 0,
		"2020, USD": 0,
		"Total, 2016-18 (USD)": 2923652
	},
	{
		"Agency": "Germany",
		"Agency Category": "Bilateral Donor",
		"Aid Flow Category": "Development",
		"Currency": "EUR",
		"Conversion": 1,
		"2016 (reported currency)": 43600000,
		"2017 (reported currency)": 103440000,
		"2018 (reported currency)": 0,
		"2019 (reported currency)": 0,
		"2020 (reported currency)": 0,
		"Total, 2016-18": 147040000,
		"2016, USD": 48444444,
		"2017, USD": 114933333,
		"2018, USD": 0,
		"2019, USD": 0,
		"2020, USD": 0,
		"Total, 2016-18 (USD)": 163377778
	},
	{
		"Agency": "Germany",
		"Agency Category": "Bilateral Donor",
		"Aid Flow Category": "Humanitarian",
		"Currency": "EUR",
		"Conversion": 1,
		"2016 (reported currency)": 75646343,
		"2017 (reported currency)": 21618993,
		"2018 (reported currency)": 2500000,
		"2019 (reported currency)": 100000,
		"2020 (reported currency)": 0,
		"Total, 2016-18": 99765336,
		"2016, USD": 84051492,
		"2017, USD": 24021103,
		"2018, USD": 2777778,
		"2019, USD": 111111,
		"2020, USD": 0,
		"Total, 2016-18 (USD)": 110850373
	},
	{
		"Agency": "Global Fund (Reported by UNICEF & World Vision)",
		"Agency Category": "Fund",
		"Aid Flow Category": "Development",
		"Currency": "USD",
		"Conversion": 1,
		"2016 (reported currency)": 56147611,
		"2017 (reported currency)": 46329718,
		"2018 (reported currency)": 13587885,
		"2019 (reported currency)": 0,
		"2020 (reported currency)": 0,
		"Total, 2016-18": 116065214,
		"2016, USD": 56147611,
		"2017, USD": 46329718,
		"2018, USD": 13587885,
		"2019, USD": 0,
		"2020, USD": 0,
		"Total, 2016-18 (USD)": 116065214
	},
	{
		"Agency": "Hungary*",
		"Agency Category": "Bilateral Donor",
		"Aid Flow Category": "Humanitarian",
		"Currency": "USD",
		"Conversion": 1,
		"2016 (reported currency)": 0,
		"2017 (reported currency)": 179295,
		"2018 (reported currency)": 0,
		"2019 (reported currency)": 0,
		"2020 (reported currency)": 0,
		"Total, 2016-18": 179295,
		"2016, USD": 0,
		"2017, USD": 179295,
		"2018, USD": 0,
		"2019, USD": 0,
		"2020, USD": 0,
		"Total, 2016-18 (USD)": 179295
	},
	{
		"Agency": "IFC",
		"Agency Category": "IFI",
		"Aid Flow Category": "Development",
		"Currency": "USD",
		"Conversion": 1,
		"2016 (reported currency)": 671391,
		"2017 (reported currency)": 675886,
		"2018 (reported currency)": 0,
		"2019 (reported currency)": 0,
		"2020 (reported currency)": 0,
		"Total, 2016-18": 1347277,
		"2016, USD": 671391,
		"2017, USD": 675886,
		"2018, USD": 0,
		"2019, USD": 0,
		"2020, USD": 0,
		"Total, 2016-18 (USD)": 1347277
	},
	{
		"Agency": "ILO (core funds)",
		"Agency Category": "UN",
		"Aid Flow Category": "Development",
		"Currency": "USD",
		"Conversion": 1,
		"2016 (reported currency)": 0,
		"2017 (reported currency)": 1000000,
		"2018 (reported currency)": 0,
		"2019 (reported currency)": 0,
		"2020 (reported currency)": 0,
		"Total, 2016-18": 1000000,
		"2016, USD": 0,
		"2017, USD": 1000000,
		"2018, USD": 0,
		"2019, USD": 0,
		"2020, USD": 0,
		"Total, 2016-18 (USD)": 1000000
	},
	{
		"Agency": "International Fund for Animal Welfare*",
		"Agency Category": "Bilateral Donor",
		"Aid Flow Category": "Humanitarian",
		"Currency": "USD",
		"Conversion": 1,
		"2016 (reported currency)": 0,
		"2017 (reported currency)": 25000,
		"2018 (reported currency)": 0,
		"2019 (reported currency)": 0,
		"2020 (reported currency)": 0,
		"Total, 2016-18": 25000,
		"2016, USD": 0,
		"2017, USD": 25000,
		"2018, USD": 0,
		"2019, USD": 0,
		"2020, USD": 0,
		"Total, 2016-18 (USD)": 25000
	},
	{
		"Agency": "Ireland*",
		"Agency Category": "Bilateral Donor",
		"Aid Flow Category": "Humanitarian",
		"Currency": "USD",
		"Conversion": 1,
		"2016 (reported currency)": 7304868,
		"2017 (reported currency)": 6176908,
		"2018 (reported currency)": 0,
		"2019 (reported currency)": 0,
		"2020 (reported currency)": 0,
		"Total, 2016-18": 13481776,
		"2016, USD": 7304868,
		"2017, USD": 6176908,
		"2018, USD": 0,
		"2019, USD": 0,
		"2020, USD": 0,
		"Total, 2016-18 (USD)": 13481776
	},
	{
		"Agency": "Italy",
		"Agency Category": "Bilateral Donor",
		"Aid Flow Category": "Development",
		"Currency": "EUR",
		"Conversion": 1,
		"2016 (reported currency)": 17205000,
		"2017 (reported currency)": 18500000,
		"2018 (reported currency)": 20850000,
		"2019 (reported currency)": 0,
		"2020 (reported currency)": 0,
		"Total, 2016-18": 56555000,
		"2016, USD": 19116667,
		"2017, USD": 20555556,
		"2018, USD": 23166667,
		"2019, USD": 0,
		"2020, USD": 0,
		"Total, 2016-18 (USD)": 62838889
	},
	{
		"Agency": "Italy",
		"Agency Category": "Bilateral Donor",
		"Aid Flow Category": "Humanitarian",
		"Currency": "EUR",
		"Conversion": 1,
		"2016 (reported currency)": 3500000,
		"2017 (reported currency)": 6800000,
		"2018 (reported currency)": 4000000,
		"2019 (reported currency)": 0,
		"2020 (reported currency)": 0,
		"Total, 2016-18": 14300000,
		"2016, USD": 3888889,
		"2017, USD": 7555556,
		"2018, USD": 4444444,
		"2019, USD": 0,
		"2020, USD": 0,
		"Total, 2016-18 (USD)": 15888889
	},
	{
		"Agency": "Japan**",
		"Agency Category": "Bilateral Donor",
		"Aid Flow Category": "Development",
		"Currency": "USD",
		"Conversion": 1,
		"2016 (reported currency)": 0,
		"2017 (reported currency)": 5322991,
		"2018 (reported currency)": 0,
		"2019 (reported currency)": 0,
		"2020 (reported currency)": 0,
		"Total, 2016-18": 5322991,
		"2016, USD": 0,
		"2017, USD": 5322991,
		"2018, USD": 0,
		"2019, USD": 0,
		"2020, USD": 0,
		"Total, 2016-18 (USD)": 5322991
	},
	{
		"Agency": "Japan*",
		"Agency Category": "Bilateral Donor",
		"Aid Flow Category": "Humanitarian",
		"Currency": "USD",
		"Conversion": 1,
		"2016 (reported currency)": 25419000,
		"2017 (reported currency)": 23154001,
		"2018 (reported currency)": 0,
		"2019 (reported currency)": 0,
		"2020 (reported currency)": 0,
		"Total, 2016-18": 48573001,
		"2016, USD": 25419000,
		"2017, USD": 23154001,
		"2018, USD": 0,
		"2019, USD": 0,
		"2020, USD": 0,
		"Total, 2016-18 (USD)": 48573001
	},
	{
		"Agency": "Kuwait*",
		"Agency Category": "Bilateral Donor",
		"Aid Flow Category": "Humanitarian",
		"Currency": "USD",
		"Conversion": 1,
		"2016 (reported currency)": 0,
		"2017 (reported currency)": 2525000,
		"2018 (reported currency)": 0,
		"2019 (reported currency)": 0,
		"2020 (reported currency)": 0,
		"Total, 2016-18": 2525000,
		"2016, USD": 0,
		"2017, USD": 2525000,
		"2018, USD": 0,
		"2019, USD": 0,
		"2020, USD": 0,
		"Total, 2016-18 (USD)": 2525000
	},
	{
		"Agency": "Liechtenstein*",
		"Agency Category": "Bilateral Donor",
		"Aid Flow Category": "Humanitarian",
		"Currency": "USD",
		"Conversion": 1,
		"2016 (reported currency)": 0,
		"2017 (reported currency)": 99305,
		"2018 (reported currency)": 0,
		"2019 (reported currency)": 0,
		"2020 (reported currency)": 0,
		"Total, 2016-18": 99305,
		"2016, USD": 0,
		"2017, USD": 99305,
		"2018, USD": 0,
		"2019, USD": 0,
		"2020, USD": 0,
		"Total, 2016-18 (USD)": 99305
	},
	{
		"Agency": "Luxembourg",
		"Agency Category": "",
		"Aid Flow Category": "Humanitarian",
		"Currency": "USD",
		"Conversion": 1,
		"2016 (reported currency)": 0,
		"2017 (reported currency)": 1243267,
		"2018 (reported currency)": 0,
		"2019 (reported currency)": 0,
		"2020 (reported currency)": 0,
		"Total, 2016-18": 1243267,
		"2016, USD": 0,
		"2017, USD": 1243267,
		"2018, USD": 0,
		"2019, USD": 0,
		"2020, USD": 0,
		"Total, 2016-18 (USD)": 1243267
	},
	{
		"Agency": "Lithuania*",
		"Agency Category": "Bilateral Donor",
		"Aid Flow Category": "Humanitarian",
		"Currency": "USD",
		"Conversion": 1,
		"2016 (reported currency)": 0,
		"2017 (reported currency)": 10858,
		"2018 (reported currency)": 0,
		"2019 (reported currency)": 0,
		"2020 (reported currency)": 0,
		"Total, 2016-18": 10858,
		"2016, USD": 0,
		"2017, USD": 10858,
		"2018, USD": 0,
		"2019, USD": 0,
		"2020, USD": 0,
		"Total, 2016-18 (USD)": 10858
	},
	{
		"Agency": "Netherlands",
		"Agency Category": "Bilateral Donor",
		"Aid Flow Category": "Development",
		"Currency": "EUR",
		"Conversion": 1,
		"2016 (reported currency)": 15699857,
		"2017 (reported currency)": 13934046,
		"2018 (reported currency)": 9463040,
		"2019 (reported currency)": 0,
		"2020 (reported currency)": 0,
		"Total, 2016-18": 39096943,
		"2016, USD": 17444286,
		"2017, USD": 15482273,
		"2018, USD": 10514489,
		"2019, USD": 0,
		"2020, USD": 0,
		"Total, 2016-18 (USD)": 43441048
	},
	{
		"Agency": "Netherlands",
		"Agency Category": "Bilateral Donor",
		"Aid Flow Category": "Humanitarian",
		"Currency": "EUR",
		"Conversion": 1,
		"2016 (reported currency)": 3495000,
		"2017 (reported currency)": 10200000,
		"2018 (reported currency)": 0,
		"2019 (reported currency)": 0,
		"2020 (reported currency)": 0,
		"Total, 2016-18": 13695000,
		"2016, USD": 3883333,
		"2017, USD": 11333333,
		"2018, USD": 0,
		"2019, USD": 0,
		"2020, USD": 0,
		"Total, 2016-18 (USD)": 15216667
	},
	{
		"Agency": "Netherlands",
		"Agency Category": "Bilateral Donor",
		"Aid Flow Category": "Peacekeeping",
		"Currency": "EUR",
		"Conversion": 1,
		"2016 (reported currency)": 11300000,
		"2017 (reported currency)": 13900000,
		"2018 (reported currency)": 0,
		"2019 (reported currency)": 0,
		"2020 (reported currency)": 0,
		"Total, 2016-18": 25200000,
		"2016, USD": 12555556,
		"2017, USD": 15444444,
		"2018, USD": 0,
		"2019, USD": 0,
		"2020, USD": 0,
		"Total, 2016-18 (USD)": 28000000
	},
	{
		"Agency": "New Zealand*",
		"Agency Category": "Bilateral Donor",
		"Aid Flow Category": "Humanitarian",
		"Currency": "USD",
		"Conversion": 1,
		"2016 (reported currency)": 0,
		"2017 (reported currency)": 1505556,
		"2018 (reported currency)": 0,
		"2019 (reported currency)": 0,
		"2020 (reported currency)": 0,
		"Total, 2016-18": 1505556,
		"2016, USD": 0,
		"2017, USD": 1505556,
		"2018, USD": 0,
		"2019, USD": 0,
		"2020, USD": 0,
		"Total, 2016-18 (USD)": 1505556
	},
	{
		"Agency": "Norway",
		"Agency Category": "Bilateral Donor",
		"Aid Flow Category": "Development",
		"Currency": "NOK",
		"Conversion": 8,
		"2016 (reported currency)": 275000000,
		"2017 (reported currency)": 290200000,
		"2018 (reported currency)": 0,
		"2019 (reported currency)": 0,
		"2020 (reported currency)": 0,
		"Total, 2016-18": 565200000,
		"2016, USD": 33950617,
		"2017, USD": 35827160,
		"2018, USD": 0,
		"2019, USD": 0,
		"2020, USD": 0,
		"Total, 2016-18 (USD)": 69777778
	},
	{
		"Agency": "Norway",
		"Agency Category": "Bilateral Donor",
		"Aid Flow Category": "Humanitarian",
		"Currency": "NOK",
		"Conversion": 8,
		"2016 (reported currency)": 38694437,
		"2017 (reported currency)": 138000000,
		"2018 (reported currency)": 0,
		"2019 (reported currency)": 0,
		"2020 (reported currency)": 0,
		"Total, 2016-18": 176694437,
		"2016, USD": 4777091,
		"2017, USD": 17037037,
		"2018, USD": 0,
		"2019, USD": 0,
		"2020, USD": 0,
		"Total, 2016-18 (USD)": 21814128
	},
	{
		"Agency": "Norway",
		"Agency Category": "Bilateral Donor",
		"Aid Flow Category": "Peacekeeping",
		"Currency": "NOK",
		"Conversion": 8,
		"2016 (reported currency)": 60000000,
		"2017 (reported currency)": 46113000,
		"2018 (reported currency)": 0,
		"2019 (reported currency)": 0,
		"2020 (reported currency)": 0,
		"Total, 2016-18": 106113000,
		"2016, USD": 7407407,
		"2017, USD": 5692963,
		"2018, USD": 0,
		"2019, USD": 0,
		"2020, USD": 0,
		"Total, 2016-18 (USD)": 13100370
	},
	{
		"Agency": "Office for the Coordination of Humanitarian Affairs*",
		"Agency Category": "UN",
		"Aid Flow Category": "Humanitarian",
		"Currency": "USD",
		"Conversion": 1,
		"2016 (reported currency)": 149025,
		"2017 (reported currency)": 803456,
		"2018 (reported currency)": 0,
		"2019 (reported currency)": 0,
		"2020 (reported currency)": 0,
		"Total, 2016-18": 952481,
		"2016, USD": 149025,
		"2017, USD": 803456,
		"2018, USD": 0,
		"2019, USD": 0,
		"2020, USD": 0,
		"Total, 2016-18 (USD)": 952481
	},
	{
		"Agency": "OPEC Fund for International Development*",
		"Agency Category": "Fund",
		"Aid Flow Category": "Humanitarian",
		"Currency": "USD",
		"Conversion": 1,
		"2016 (reported currency)": 0,
		"2017 (reported currency)": 300000,
		"2018 (reported currency)": 0,
		"2019 (reported currency)": 0,
		"2020 (reported currency)": 0,
		"Total, 2016-18": 300000,
		"2016, USD": 0,
		"2017, USD": 300000,
		"2018, USD": 0,
		"2019, USD": 0,
		"2020, USD": 0,
		"Total, 2016-18 (USD)": 300000
	},
	{
		"Agency": "UN PBF",
		"Agency Category": "Fund",
		"Aid Flow Category": "Development",
		"Currency": "USD",
		"Conversion": 1,
		"2016 (reported currency)": 13351946,
		"2017 (reported currency)": 0,
		"2018 (reported currency)": 0,
		"2019 (reported currency)": 0,
		"2020 (reported currency)": 0,
		"Total, 2016-18": 13351946,
		"2016, USD": 13351946,
		"2017, USD": 0,
		"2018, USD": 0,
		"2019, USD": 0,
		"2020, USD": 0,
		"Total, 2016-18 (USD)": 13351946
	},
	{
		"Agency": "Private, individuals & organisations*",
		"Agency Category": "Other",
		"Aid Flow Category": "Humanitarian",
		"Currency": "USD",
		"Conversion": 1,
		"2016 (reported currency)": 707788,
		"2017 (reported currency)": 8034961,
		"2018 (reported currency)": 0,
		"2019 (reported currency)": 0,
		"2020 (reported currency)": 0,
		"Total, 2016-18": 8742749,
		"2016, USD": 707788,
		"2017, USD": 8034961,
		"2018, USD": 0,
		"2019, USD": 0,
		"2020, USD": 0,
		"Total, 2016-18 (USD)": 8742749
	},
	{
		"Agency": "Qatar*",
		"Agency Category": "",
		"Aid Flow Category": "Humanitarian",
		"Currency": "USD",
		"Conversion": 1,
		"2016 (reported currency)": 0,
		"2017 (reported currency)": 818900,
		"2018 (reported currency)": 0,
		"2019 (reported currency)": 0,
		"2020 (reported currency)": 0,
		"Total, 2016-18": 818900,
		"2016, USD": 0,
		"2017, USD": 818900,
		"2018, USD": 0,
		"2019, USD": 0,
		"2020, USD": 0,
		"Total, 2016-18 (USD)": 818900
	},
	{
		"Agency": "Qatar Charity*",
		"Agency Category": "Other",
		"Aid Flow Category": "Humanitarian",
		"Currency": "USD",
		"Conversion": 1,
		"2016 (reported currency)": 618318,
		"2017 (reported currency)": 4295781,
		"2018 (reported currency)": 0,
		"2019 (reported currency)": 0,
		"2020 (reported currency)": 0,
		"Total, 2016-18": 4914099,
		"2016, USD": 618318,
		"2017, USD": 4295781,
		"2018, USD": 0,
		"2019, USD": 0,
		"2020, USD": 0,
		"Total, 2016-18 (USD)": 4914099
	},
	{
		"Agency": "Saudi Arabia (Reported by MoF in 2016)",
		"Agency Category": "Bilateral Donor",
		"Aid Flow Category": "Development",
		"Currency": "USD",
		"Conversion": 1,
		"2016 (reported currency)": 19999985,
		"2017 (reported currency)": 30000000,
		"2018 (reported currency)": 0,
		"2019 (reported currency)": 0,
		"2020 (reported currency)": 0,
		"Total, 2016-18": 49999985,
		"2016, USD": 19999985,
		"2017, USD": 30000000,
		"2018, USD": 0,
		"2019, USD": 0,
		"2020, USD": 0,
		"Total, 2016-18 (USD)": 49999985
	},
	{
		"Agency": "Russia*",
		"Agency Category": "",
		"Aid Flow Category": "Humanitarian",
		"Currency": "USD",
		"Conversion": 1,
		"2016 (reported currency)": 0,
		"2017 (reported currency)": 1000000,
		"2018 (reported currency)": 0,
		"2019 (reported currency)": 0,
		"2020 (reported currency)": 0,
		"Total, 2016-18": 1000000,
		"2016, USD": 0,
		"2017, USD": 1000000,
		"2018, USD": 0,
		"2019, USD": 0,
		"2020, USD": 0,
		"Total, 2016-18 (USD)": 1000000
	},
	{
		"Agency": "Saudi Arabia*",
		"Agency Category": "Bilateral Donor",
		"Aid Flow Category": "Humanitarian",
		"Currency": "USD",
		"Conversion": 1,
		"2016 (reported currency)": 17446000,
		"2017 (reported currency)": 10640561,
		"2018 (reported currency)": 0,
		"2019 (reported currency)": 0,
		"2020 (reported currency)": 0,
		"Total, 2016-18": 28086561,
		"2016, USD": 17446000,
		"2017, USD": 10640561,
		"2018, USD": 0,
		"2019, USD": 0,
		"2020, USD": 0,
		"Total, 2016-18 (USD)": 28086561
	},
	{
		"Agency": "Save the Children*",
		"Agency Category": "",
		"Aid Flow Category": "Humanitarian",
		"Currency": "USD",
		"Conversion": 1,
		"2016 (reported currency)": 0,
		"2017 (reported currency)": 745394,
		"2018 (reported currency)": 0,
		"2019 (reported currency)": 0,
		"2020 (reported currency)": 0,
		"Total, 2016-18": 745394,
		"2016, USD": 0,
		"2017, USD": 745394,
		"2018, USD": 0,
		"2019, USD": 0,
		"2020, USD": 0,
		"Total, 2016-18 (USD)": 745394
	},
	{
		"Agency": "Slovenia*",
		"Agency Category": "Bilateral Donor",
		"Aid Flow Category": "Humanitarian",
		"Currency": "USD",
		"Conversion": 1,
		"2016 (reported currency)": 32609,
		"2017 (reported currency)": 33595,
		"2018 (reported currency)": 0,
		"2019 (reported currency)": 0,
		"2020 (reported currency)": 0,
		"Total, 2016-18": 66204,
		"2016, USD": 32609,
		"2017, USD": 33595,
		"2018, USD": 0,
		"2019, USD": 0,
		"2020, USD": 0,
		"Total, 2016-18 (USD)": 66204
	},
	{
		"Agency": "Somali Diaspora Aid Action Group*",
		"Agency Category": "",
		"Aid Flow Category": "HUmanitarian",
		"Currency": "USD",
		"Conversion": 1,
		"2016 (reported currency)": 0,
		"2017 (reported currency)": 72727,
		"2018 (reported currency)": 0,
		"2019 (reported currency)": 0,
		"2020 (reported currency)": 0,
		"Total, 2016-18": 0,
		"2016, USD": 0,
		"2017, USD": 72727,
		"2018, USD": 0,
		"2019, USD": 0,
		"2020, USD": 0,
		"Total, 2016-18 (USD)": 72727
	},
	{
		"Agency": "South Korea*",
		"Agency Category": "Bilateral Donor",
		"Aid Flow Category": "Humanitarian",
		"Currency": "USD",
		"Conversion": 1,
		"2016 (reported currency)": 605882,
		"2017 (reported currency)": 800000,
		"2018 (reported currency)": 0,
		"2019 (reported currency)": 0,
		"2020 (reported currency)": 0,
		"Total, 2016-18": 1405882,
		"2016, USD": 605882,
		"2017, USD": 800000,
		"2018, USD": 0,
		"2019, USD": 0,
		"2020, USD": 0,
		"Total, 2016-18 (USD)": 1405882
	},
	{
		"Agency": "Sri Lanka*",
		"Agency Category": "Bilateral Donor",
		"Aid Flow Category": "Humanitarian",
		"Currency": "USD",
		"Conversion": 1,
		"2016 (reported currency)": 0,
		"2017 (reported currency)": 1250,
		"2018 (reported currency)": 0,
		"2019 (reported currency)": 0,
		"2020 (reported currency)": 0,
		"Total, 2016-18": 1250,
		"2016, USD": 0,
		"2017, USD": 1250,
		"2018, USD": 0,
		"2019, USD": 0,
		"2020, USD": 0,
		"Total, 2016-18 (USD)": 1250
	},
	{
		"Agency": "Start Fund*",
		"Agency Category": "Fund",
		"Aid Flow Category": "Humanitarian",
		"Currency": "USD",
		"Conversion": 1,
		"2016 (reported currency)": 1546420,
		"2017 (reported currency)": 0,
		"2018 (reported currency)": 0,
		"2019 (reported currency)": 0,
		"2020 (reported currency)": 0,
		"Total, 2016-18": 1546420,
		"2016, USD": 1546420,
		"2017, USD": 0,
		"2018, USD": 0,
		"2019, USD": 0,
		"2020, USD": 0,
		"Total, 2016-18 (USD)": 1546420
	},
	{
		"Agency": "Sweden",
		"Agency Category": "Bilateral Donor",
		"Aid Flow Category": "Development",
		"Currency": "USD",
		"Conversion": 1,
		"2016 (reported currency)": 41486754,
		"2017 (reported currency)": 41419888,
		"2018 (reported currency)": 50000000,
		"2019 (reported currency)": 50000000,
		"2020 (reported currency)": 50000000,
		"Total, 2016-18": 132906642,
		"2016, USD": 41486754,
		"2017, USD": 41419888,
		"2018, USD": 50000000,
		"2019, USD": 50000000,
		"2020, USD": 50000000,
		"Total, 2016-18 (USD)": 132906642
	},
	{
		"Agency": "Sweden",
		"Agency Category": "Bilateral Donor",
		"Aid Flow Category": "Humanitarian",
		"Currency": "USD",
		"Conversion": 1,
		"2016 (reported currency)": 22225272,
		"2017 (reported currency)": 22445330,
		"2018 (reported currency)": 0,
		"2019 (reported currency)": 0,
		"2020 (reported currency)": 0,
		"Total, 2016-18": 44670602,
		"2016, USD": 22225272,
		"2017, USD": 22445330,
		"2018, USD": 0,
		"2019, USD": 0,
		"2020, USD": 0,
		"Total, 2016-18 (USD)": 44670602
	},
	{
		"Agency": "Switzerland",
		"Agency Category": "Bilateral Donor",
		"Aid Flow Category": "Development",
		"Currency": "CHF",
		"Conversion": 1,
		"2016 (reported currency)": 11200000,
		"2017 (reported currency)": 6600000,
		"2018 (reported currency)": 14000000,
		"2019 (reported currency)": 15000000,
		"2020 (reported currency)": 16000000,
		"Total, 2016-18": 31800000,
		"2016, USD": 11200000,
		"2017, USD": 6600000,
		"2018, USD": 14000000,
		"2019, USD": 15000000,
		"2020, USD": 16000000,
		"Total, 2016-18 (USD)": 31800000
	},
	{
		"Agency": "Switzerland",
		"Agency Category": "Bilateral Donor",
		"Aid Flow Category": "Humanitarian",
		"Currency": "CHF",
		"Conversion": 1,
		"2016 (reported currency)": 11500000,
		"2017 (reported currency)": 14300000,
		"2018 (reported currency)": 14000000,
		"2019 (reported currency)": 14000000,
		"2020 (reported currency)": 14000000,
		"Total, 2016-18": 39800000,
		"2016, USD": 11500000,
		"2017, USD": 14300000,
		"2018, USD": 14000000,
		"2019, USD": 14000000,
		"2020, USD": 14000000,
		"Total, 2016-18 (USD)": 39800000
	},
	{
		"Agency": "Turkey (Reported by MoF)",
		"Agency Category": "Bilateral Donor",
		"Aid Flow Category": "Development",
		"Currency": "USD",
		"Conversion": 1,
		"2016 (reported currency)": 10000000,
		"2017 (reported currency)": 29822785,
		"2018 (reported currency)": 0,
		"2019 (reported currency)": 0,
		"2020 (reported currency)": 0,
		"Total, 2016-18": 39822785,
		"2016, USD": 10000000,
		"2017, USD": 29822785,
		"2018, USD": 0,
		"2019, USD": 0,
		"2020, USD": 0,
		"Total, 2016-18 (USD)": 39822785
	},
	{
		"Agency": "UAE (Reported by MoF)",
		"Agency Category": "",
		"Aid Flow Category": "Development",
		"Currency": "USD",
		"Conversion": 1,
		"2016 (reported currency)": 0,
		"2017 (reported currency)": 2000000,
		"2018 (reported currency)": 0,
		"2019 (reported currency)": 0,
		"2020 (reported currency)": 0,
		"Total, 2016-18": 2000000,
		"2016, USD": 0,
		"2017, USD": 2000000,
		"2018, USD": 0,
		"2019, USD": 0,
		"2020, USD": 0,
		"Total, 2016-18 (USD)": 2000000
	},
	{
		"Agency": "UNDP (core funds)",
		"Agency Category": "UN",
		"Aid Flow Category": "Development",
		"Currency": "USD",
		"Conversion": 1,
		"2016 (reported currency)": 0,
		"2017 (reported currency)": 1465448,
		"2018 (reported currency)": 0,
		"2019 (reported currency)": 0,
		"2020 (reported currency)": 0,
		"Total, 2016-18": 1465448,
		"2016, USD": 0,
		"2017, USD": 1465448,
		"2018, USD": 0,
		"2019, USD": 0,
		"2020, USD": 0,
		"Total, 2016-18 (USD)": 1465448
	},
	{
		"Agency": "UNESCO (core funds)",
		"Agency Category": "UN",
		"Aid Flow Category": "Development",
		"Currency": "USD",
		"Conversion": 1,
		"2016 (reported currency)": 1000000,
		"2017 (reported currency)": 1000000,
		"2018 (reported currency)": 1000000,
		"2019 (reported currency)": 1000000,
		"2020 (reported currency)": 1000000,
		"Total, 2016-18": 3000000,
		"2016, USD": 1000000,
		"2017, USD": 1000000,
		"2018, USD": 1000000,
		"2019, USD": 1000000,
		"2020, USD": 1000000,
		"Total, 2016-18 (USD)": 3000000
	},
	{
		"Agency": "TEAR Australia",
		"Agency Category": "",
		"Aid Flow Category": "Humanitarian",
		"Currency": "USD",
		"Conversion": 1,
		"2016 (reported currency)": 0,
		"2017 (reported currency)": 492813,
		"2018 (reported currency)": 0,
		"2019 (reported currency)": 0,
		"2020 (reported currency)": 0,
		"Total, 2016-18": 492813,
		"2016, USD": 0,
		"2017, USD": 492813,
		"2018, USD": 0,
		"2019, USD": 0,
		"2020, USD": 0,
		"Total, 2016-18 (USD)": 492813
	},
	{
		"Agency": "UNICEF National Committees*",
		"Agency Category": "UN",
		"Aid Flow Category": "Humanitarian",
		"Currency": "USD",
		"Conversion": 1,
		"2016 (reported currency)": 1706724,
		"2017 (reported currency)": 4112850,
		"2018 (reported currency)": 0,
		"2019 (reported currency)": 0,
		"2020 (reported currency)": 0,
		"Total, 2016-18": 5819574,
		"2016, USD": 1706724,
		"2017, USD": 4112850,
		"2018, USD": 0,
		"2019, USD": 0,
		"2020, USD": 0,
		"Total, 2016-18 (USD)": 5819574
	},
	{
		"Agency": "United Arab Emirates*",
		"Agency Category": "Bilateral Donor",
		"Aid Flow Category": "Humanitarian",
		"Currency": "USD",
		"Conversion": 1,
		"2016 (reported currency)": 136129,
		"2017 (reported currency)": 4670639,
		"2018 (reported currency)": 0,
		"2019 (reported currency)": 0,
		"2020 (reported currency)": 0,
		"Total, 2016-18": 4806768,
		"2016, USD": 136129,
		"2017, USD": 4670639,
		"2018, USD": 0,
		"2019, USD": 0,
		"2020, USD": 0,
		"Total, 2016-18 (USD)": 4806768
	},
	{
		"Agency": "United Kingdom",
		"Agency Category": "Bilateral Donor",
		"Aid Flow Category": "Development",
		"Currency": "GBP",
		"Conversion": 1,
		"2016 (reported currency)": 67414082,
		"2017 (reported currency)": 58000000,
		"2018 (reported currency)": 77500000,
		"2019 (reported currency)": 77500000,
		"2020 (reported currency)": 0,
		"Total, 2016-18": 202914082,
		"2016, USD": 88702739,
		"2017, USD": 76315789,
		"2018, USD": 101973684,
		"2019, USD": 101973684,
		"2020, USD": 0,
		"Total, 2016-18 (USD)": 266992213
	},
	{
		"Agency": "UN PBF",
		"Agency Category": "",
		"Aid Flow Category": "Humanitarian",
		"Currency": "USD",
		"Conversion": 1,
		"2016 (reported currency)": 0,
		"2017 (reported currency)": 500000,
		"2018 (reported currency)": 0,
		"2019 (reported currency)": 0,
		"2020 (reported currency)": 0,
		"Total, 2016-18": 500000,
		"2016, USD": 0,
		"2017, USD": 500000,
		"2018, USD": 0,
		"2019, USD": 0,
		"2020, USD": 0,
		"Total, 2016-18 (USD)": 500000
	},
	{
		"Agency": "United Kingdom",
		"Agency Category": "Bilateral Donor",
		"Aid Flow Category": "Humanitarian",
		"Currency": "GBP",
		"Conversion": 1,
		"2016 (reported currency)": 96041352,
		"2017 (reported currency)": 138000000,
		"2018 (reported currency)": 40000000,
		"2019 (reported currency)": 40000000,
		"2020 (reported currency)": 0,
		"Total, 2016-18": 274041352,
		"2016, USD": 126370200,
		"2017, USD": 181578947,
		"2018, USD": 52631579,
		"2019, USD": 52631579,
		"2020, USD": 0,
		"Total, 2016-18 (USD)": 360580726
	},
	{
		"Agency": "United Nations Development Programme",
		"Agency Category": "",
		"Aid Flow Category": "Humanitarian",
		"Currency": "USD",
		"Conversion": 1,
		"2016 (reported currency)": 0,
		"2017 (reported currency)": 200000,
		"2018 (reported currency)": 0,
		"2019 (reported currency)": 0,
		"2020 (reported currency)": 0,
		"Total, 2016-18": 200000,
		"2016, USD": 0,
		"2017, USD": 200000,
		"2018, USD": 0,
		"2019, USD": 0,
		"2020, USD": 0,
		"Total, 2016-18 (USD)": 200000
	},
	{
		"Agency": "United Nations High Commissioner for Refugees*",
		"Agency Category": "UN",
		"Aid Flow Category": "Humanitarian",
		"Currency": "USD",
		"Conversion": 1,
		"2016 (reported currency)": 2037039,
		"2017 (reported currency)": 0,
		"2018 (reported currency)": 0,
		"2019 (reported currency)": 0,
		"2020 (reported currency)": 0,
		"Total, 2016-18": 2037039,
		"2016, USD": 2037039,
		"2017, USD": 0,
		"2018, USD": 0,
		"2019, USD": 0,
		"2020, USD": 0,
		"Total, 2016-18 (USD)": 2037039
	},
	{
		"Agency": "United Nations Population Fund *",
		"Agency Category": "UN",
		"Aid Flow Category": "Humanitarian",
		"Currency": "USD",
		"Conversion": 1,
		"2016 (reported currency)": 146400,
		"2017 (reported currency)": 223388,
		"2018 (reported currency)": 0,
		"2019 (reported currency)": 0,
		"2020 (reported currency)": 0,
		"Total, 2016-18": 369788,
		"2016, USD": 146400,
		"2017, USD": 223388,
		"2018, USD": 0,
		"2019, USD": 0,
		"2020, USD": 0,
		"Total, 2016-18 (USD)": 369788
	},
	{
		"Agency": "United States of America",
		"Agency Category": "Bilateral Donor",
		"Aid Flow Category": "Development",
		"Currency": "USD",
		"Conversion": 1,
		"2016 (reported currency)": 97212437,
		"2017 (reported currency)": 45527596,
		"2018 (reported currency)": 63344000,
		"2019 (reported currency)": 61000000,
		"2020 (reported currency)": 0,
		"Total, 2016-18": 206084033,
		"2016, USD": 97212437,
		"2017, USD": 45527596,
		"2018, USD": 63344000,
		"2019, USD": 61000000,
		"2020, USD": 0,
		"Total, 2016-18 (USD)": 206084033
	},
	{
		"Agency": "United States of America",
		"Agency Category": "Bilateral Donor",
		"Aid Flow Category": "Humanitarian",
		"Currency": "USD",
		"Conversion": 1,
		"2016 (reported currency)": 130995000,
		"2017 (reported currency)": 388000000,
		"2018 (reported currency)": 0,
		"2019 (reported currency)": 0,
		"2020 (reported currency)": 0,
		"Total, 2016-18": 518995000,
		"2016, USD": 130995000,
		"2017, USD": 388000000,
		"2018, USD": 0,
		"2019, USD": 0,
		"2020, USD": 0,
		"Total, 2016-18 (USD)": 518995000
	},
	{
		"Agency": "United States of America",
		"Agency Category": "Bilateral Donor",
		"Aid Flow Category": "Peacekeeping",
		"Currency": "USD",
		"Conversion": 1,
		"2016 (reported currency)": 126976713,
		"2017 (reported currency)": 42900000,
		"2018 (reported currency)": 0,
		"2019 (reported currency)": 0,
		"2020 (reported currency)": 0,
		"Total, 2016-18": 169876713,
		"2016, USD": 126976713,
		"2017, USD": 42900000,
		"2018, USD": 0,
		"2019, USD": 0,
		"2020, USD": 0,
		"Total, 2016-18 (USD)": 169876713
	},
	{
		"Agency": "World Bank",
		"Agency Category": "IFI",
		"Aid Flow Category": "Development",
		"Currency": "USD",
		"Conversion": 1,
		"2016 (reported currency)": 0,
		"2017 (reported currency)": 54800000,
		"2018 (reported currency)": 0,
		"2019 (reported currency)": 0,
		"2020 (reported currency)": 0,
		"Total, 2016-18": 54800000,
		"2016, USD": 0,
		"2017, USD": 54800000,
		"2018, USD": 0,
		"2019, USD": 0,
		"2020, USD": 0,
		"Total, 2016-18 (USD)": 54800000
	}
]
